product_name,category,price,discount,sales_quantity
Product_0,Clothing,114.50289093595912,0.0983276644788042,195
Product_1,Home Decor,98.60884756009548,0.10054337959294551,95
Product_2,Electronics,83.61228674451239,0.447528186829597,775
Product_3,Sports,92.88424423028002,0.23207240336517015,39
Product_4,Electronics,119.62661159559586,0.013897289607498142,362
Product_5,Electronics,61.34044145251048,0.3872119326919319,554
Product_6,Home Decor,193.13745527299068,0.2949441152851405,95
Product_7,Home Decor,226.06365386785606,0.47724839317117695,513
Product_8,Electronics,385.94892708578544,0.04393987509815772,887
Product_9,Beauty,258.45000901914136,0.001889235870427164,668
Product_10,Electronics,111.08394898916494,0.4062464323031135,318
Product_11,Beauty,168.8107862005361,0.32981267916940626,743
Product_12,Beauty,228.24991618841992,0.3575778025050241,186
Product_13,Home Decor,23.666696903338114,0.3631580295884698,483
Product_14,Beauty,177.1633355351512,0.17502028841500727,257
Product_15,Clothing,288.5150247125442,0.20708662551532087,507
Product_16,Home Decor,44.68916884531689,0.1443393209930482,992
Product_17,Sports,434.8038427310311,0.35780266171999187,69
Product_18,Sports,444.4803264354829,0.3235233256058499,275
Product_19,Home Decor,64.93249074626192,0.2231114000072844,291
Product_20,Home Decor,346.7579339662037,0.3727659398567661,482
Product_21,Clothing,152.3573728461745,0.1367589003370216,333
Product_22,Electronics,172.78317715365512,0.318600326821415,492
Product_23,Electronics,315.15724789163033,0.25467527945462526,542
Product_24,Electronics,178.94950779443357,0.3665001246433098,279
Product_25,Beauty,469.08600035529093,0.09252850721144656,361
Product_26,Sports,355.52761389438194,0.43077717496010803,803
Product_27,Beauty,407.91916519461944,0.3640416595406389,465
Product_28,Sports,270.71870876197437,0.49998959556009837,551
Product_29,Home Decor,393.37887636500545,0.4280443979979151,24
Product_30,Sports,354.2486661685349,0.0059102287451543445,259
Product_31,Beauty,480.3060026405543,0.05537490392424077,992
Product_32,Beauty,296.50744993943516,0.4403854112415198,489
Product_33,Home Decor,298.2013844346432,0.4331960381231628,309
Product_34,Beauty,97.20091655699215,0.36836426589290966,294
Product_35,Sports,433.33629049452225,0.24245368058140726,922
Product_36,Home Decor,334.8240474131926,0.14421319654612252,679
Product_37,Beauty,322.26530744949923,0.2296021190212963,958
Product_38,Home Decor,181.64295480170875,0.14545186831074053,935
Product_39,Electronics,108.98694215302937,0.2267531959897358,124
Product_40,Beauty,315.3585294009888,0.22589210421470962,524
Product_41,Clothing,319.9050909359212,0.26194890579960656,676
Product_42,Beauty,224.969410701931,0.26249925078900693,497
Product_43,Home Decor,309.17280596983994,0.2717062968654691,718
Product_44,Electronics,165.6075613885219,0.28126398025453636,597
Product_45,Electronics,80.38652358157783,0.2705827314481304,361
Product_46,Home Decor,437.8136807603683,0.2311528298231918,295
Product_47,Beauty,127.3590547568343,0.15435228958759228,532
Product_48,Home Decor,316.4674436310208,0.3997667666856476,737
Product_49,Beauty,226.0242241521728,0.32164379586535413,879
Product_50,Electronics,268.9930814167688,0.15635858102786776,362
Product_51,Clothing,91.78655505235125,0.1742252148550572,231
Product_52,Sports,20.820640606085068,0.450459096211779,766
Product_53,Beauty,368.801076595236,0.39749626269398736,744
Product_54,Clothing,164.5712683062026,0.06457474124372886,590
Product_55,Beauty,444.1798933002273,0.23940300334076758,394
Product_56,Home Decor,264.7905872525673,0.024971776088891062,691
Product_57,Clothing,54.10016734382591,0.3693323567886899,532
Product_58,Clothing,195.54454540278635,0.39920083788977195,436
Product_59,Sports,145.24208510985693,0.13211657185122455,948
Product_60,Sports,284.0787623555844,0.4238724445408034,325
Product_61,Clothing,382.7008221376674,0.46262957297441243,968
Product_62,Home Decor,404.8425222409298,0.2488079717252606,139
Product_63,Electronics,259.97311293322593,0.19174790223505467,897
Product_64,Beauty,204.01569613275797,0.19570902263044299,690
Product_65,Beauty,70.05969731625643,0.4786453393155615,693
Product_66,Home Decor,468.22125727458905,0.4347721051938798,29
Product_67,Beauty,386.44286504204786,0.10145954353814463,219
Product_68,Beauty,358.7654739342033,0.2028116608594464,738
Product_69,Clothing,304.876814144853,0.2450227461219353,370
Product_70,Home Decor,88.97468688129095,0.3466047736660164,748
Product_71,Electronics,113.29280148132898,0.4117290478859858,4
Product_72,Beauty,78.61047668567765,0.3785594822033549,600
Product_73,Electronics,433.1287352238244,0.474300643938987,850
Product_74,Electronics,79.16657013904933,0.08848767632756094,57
Product_75,Sports,262.5417601071449,0.3495618713487471,742
Product_76,Clothing,116.68778024885172,0.2373632135627987,866
Product_77,Electronics,114.06329598944295,0.05780859237408764,973
Product_78,Clothing,160.55111319473323,0.47836205678011373,21
Product_79,Sports,214.73488591358495,0.2726100907036871,332
Product_80,Electronics,315.10659964182645,0.07824872805789318,906
Product_81,Sports,398.65385469791823,0.24495587992986068,870
Product_82,Home Decor,201.606027025819,0.06062240980532574,54
Product_83,Sports,423.18987576164625,0.1815442306399333,781
Product_84,Home Decor,394.33097166169085,0.3415231909077984,484
Product_85,Beauty,61.53718842628613,0.028680143946408276,142
Product_86,Beauty,444.2489171702361,0.25206519181715215,379
Product_87,Home Decor,320.34339194385717,0.18375159801852814,91
Product_88,Sports,224.3475736973769,0.28083566223140566,552
Product_89,Sports,316.1857266835439,0.03606353896457215,221
Product_90,Home Decor,87.2748550857904,0.24622216525454693,305
Product_91,Beauty,415.1369958410712,0.2206479970259444,763
Product_92,Electronics,386.9660032916811,0.1862321841725852,209
Product_93,Electronics,390.15205758099887,0.13813256358894854,87
Product_94,Beauty,320.422393231241,0.1480087392627395,988
Product_95,Sports,36.274494939002295,0.04223216229639154,837
Product_96,Clothing,50.11438019755872,0.29612475396462473,576
Product_97,Home Decor,322.39950739591603,0.13681502722328293,252
Product_98,Home Decor,332.25323030698866,0.4521607951825974,825
Product_99,Home Decor,409.41845799185614,0.4926783304310824,46
Product_100,Beauty,424.93186743798566,0.059744141057790856,302
Product_101,Home Decor,150.80185599944858,0.4575790596891883,254
Product_102,Clothing,498.44287216441904,0.02527740231879133,97
Product_103,Clothing,32.42345626439446,0.3424283912651845,349
Product_104,Beauty,330.6657794423257,0.22202526227600283,221
Product_105,Beauty,135.83654290563905,0.3609980831597023,275
Product_106,Home Decor,457.64850657702493,0.30200757976562376,203
Product_107,Electronics,55.90505485064388,0.23795331739236109,457
Product_108,Beauty,425.8248896814378,0.41455166253433323,288
Product_109,Electronics,280.1877994625182,0.4989321184894626,344
Product_110,Electronics,426.43134876016427,0.49904228741747986,317
Product_111,Beauty,215.27131830152828,0.10638939186656754,468
Product_112,Home Decor,298.5918278238999,0.41957048262859686,728
Product_113,Clothing,136.28627770995155,0.04568300489248367,758
Product_114,Home Decor,284.54770090317163,0.16343194031804897,594
Product_115,Home Decor,14.237446504891956,0.4629151849467015,955
Product_116,Electronics,114.51118329545045,0.49950512129339514,500
Product_117,Electronics,207.34951113711048,0.08148511090653449,477
Product_118,Sports,232.38307972669415,0.1620616747602444,554
Product_119,Clothing,326.25240061121025,0.22290600098785263,535
Product_120,Sports,79.7884192373739,0.4432557902282482,586
Product_121,Clothing,48.67428168696435,0.11799202034718836,229
Product_122,Sports,335.2745263042295,0.061125292767154504,672
Product_123,Home Decor,100.68175363439963,0.20071201028157598,523
Product_124,Clothing,63.69033741038418,0.08976363752594063,289
Product_125,Sports,498.8006639630876,0.351492683883113,143
Product_126,Electronics,128.6223250229674,0.22976941543220963,623
Product_127,Home Decor,483.12593152057116,0.005844782519325742,733
Product_128,Beauty,331.9536231813034,0.3260343542646823,622
Product_129,Electronics,285.48216802208265,0.11496137605537393,357
Product_130,Home Decor,413.4258868208401,0.20197825928576318,362
Product_131,Sports,98.9509707560964,0.4160235507873958,505
Product_132,Sports,372.4742023772335,0.37223688689861334,557
Product_133,Sports,408.0141485946211,0.4626240694556694,137
Product_134,Clothing,69.11944076731032,0.27674317911348023,747
Product_135,Home Decor,109.77162874029533,0.4188693612829188,711
Product_136,Electronics,254.7950184645289,0.46431832740694656,893
Product_137,Clothing,380.8620853448885,0.24062197295228122,332
Product_138,Sports,397.9709926241832,0.413909289935163,371
Product_139,Sports,64.72217428050811,0.35360157838828427,315
Product_140,Sports,76.20565591479438,0.4285345019443637,698
Product_141,Electronics,354.5137744750336,0.14989552792022454,305
Product_142,Sports,15.329421604996558,0.4009555456410152,9
Product_143,Home Decor,299.8772039511584,0.16511639621754115,118
Product_144,Clothing,208.84511276810588,0.44154290329552326,682
Product_145,Home Decor,341.1911114699237,0.23766092280732348,392
Product_146,Sports,255.83868914899776,0.3451497752561707,21
Product_147,Clothing,359.0077420820113,0.16891230033150206,444
Product_148,Electronics,377.47530977779485,0.3998278672146794,879
Product_149,Home Decor,243.02763405225332,0.0047853152102984575,401
Product_150,Clothing,161.41256840860189,0.39712009752140626,30
Product_151,Home Decor,91.52596814281529,0.46518774999612295,859
Product_152,Beauty,350.4508974063495,0.4814550498387018,349
Product_153,Home Decor,280.2345945476125,0.1474472196730739,88
Product_154,Clothing,150.274970727565,0.3542660077732298,751
Product_155,Home Decor,25.90053594657509,0.49119605798365185,228
Product_156,Home Decor,316.7085966823071,0.04583831840370728,343
Product_157,Electronics,219.0052238805114,0.2858939179565743,821
Product_158,Home Decor,279.2818144609375,0.08255949132629925,911
Product_159,Electronics,467.1313381662794,0.2733672065735973,526
Product_160,Home Decor,492.89204797667725,0.4074288105413471,22
Product_161,Home Decor,104.87165007034025,0.09478934177494813,546
Product_162,Clothing,213.9976297433039,0.35719147036100735,126
Product_163,Beauty,293.72946988249606,0.28850817135883283,970
Product_164,Beauty,74.47698697956865,0.3736761584793032,467
Product_165,Home Decor,484.8049657822549,0.2338696394749984,161
Product_166,Home Decor,297.1911977069411,0.40216110243478354,250
Product_167,Clothing,101.04571377032579,0.40140747079535044,203
Product_168,Home Decor,420.79490937162774,0.35486709546134554,678
Product_169,Sports,64.72027403514579,0.24762003314737885,489
Product_170,Electronics,326.8104984432525,0.0852697230291144,277
Product_171,Electronics,211.35742620131984,0.25107404664990335,751
Product_172,Sports,423.88098200599177,0.15353111757358634,295
Product_173,Clothing,392.66169255304,0.32891901251108197,356
Product_174,Home Decor,88.44449659118618,0.44596123242647345,211
Product_175,Clothing,74.60287866555532,0.17483616725782197,790
Product_176,Home Decor,463.4646242788236,0.47715015973219527,907
Product_177,Beauty,217.3505705125286,0.06187032648697566,4
Product_178,Beauty,246.8779692070799,0.20201501036587804,611
Product_179,Home Decor,119.84994930473114,0.2852174416149935,413
Product_180,Electronics,322.1751777582709,0.2749696791252326,983
Product_181,Clothing,201.05553500282502,0.15426626910601238,503
Product_182,Home Decor,112.73220405581252,0.034156499485427205,382
Product_183,Beauty,298.534532280275,0.08455883007686088,756
Product_184,Sports,349.86622710659685,0.006745327601791029,651
Product_185,Beauty,455.3682484650858,0.3071368634835374,743
Product_186,Electronics,230.60582710136902,0.10476537410930653,131
Product_187,Clothing,487.2897504369185,0.15918065343712923,4
Product_188,Electronics,178.42013574894963,0.4358484509178394,288
Product_189,Electronics,139.15600348009085,0.34020249577444633,766
Product_190,Electronics,64.35518158884452,0.3214145936358005,580
Product_191,Beauty,85.21656829823495,0.15532297556114982,328
Product_192,Sports,213.7606961875687,0.425288885363171,839
Product_193,Beauty,151.88057079745988,0.0829470387376941,10
Product_194,Clothing,263.33234790709116,0.43044065008694377,658
Product_195,Sports,334.2637248989762,0.49480226688634543,593
Product_196,Clothing,189.7962239667675,0.053810478934102235,121
Product_197,Home Decor,45.33404784179652,0.04424542317889624,210
Product_198,Home Decor,55.869797388651804,0.101198541217975,297
Product_199,Clothing,467.5013838479373,0.43401612197209094,768
Product_200,Electronics,487.2941149791964,0.3971404709096021,15
Product_201,Beauty,195.04818317008053,0.40514018860678414,210
Product_202,Electronics,171.14771651924178,0.4748869736031475,714
Product_203,Beauty,439.8452976038995,0.08832081969106348,682
Product_204,Electronics,72.43556771171063,0.4307515107209024,361
Product_205,Sports,336.2979994687735,0.3372407015909907,692
Product_206,Clothing,256.278333758621,0.24528247679617526,442
Product_207,Home Decor,393.56958804707864,0.10821439225301577,864
Product_208,Home Decor,149.64727580509802,0.28728274679541005,98
Product_209,Clothing,328.0310913174363,0.27969632783384635,289
Product_210,Clothing,259.52969074055625,0.06395514721028661,794
Product_211,Home Decor,44.4326558872548,0.3128582445516855,815
Product_212,Beauty,84.74266885917044,0.05406829603254315,223
Product_213,Beauty,23.390421170766608,0.2605408529892886,784
Product_214,Clothing,332.9504304691913,0.18257324822715298,875
Product_215,Electronics,436.688626152714,0.03673600509603098,1
Product_216,Clothing,350.4818734482684,0.2691897332295415,856
Product_217,Beauty,346.993176234557,0.2040967824935644,823
Product_218,Sports,79.47330274876668,0.3054138781881774,168
Product_219,Sports,159.1073860276963,0.1480466702762278,870
Product_220,Electronics,293.79760797893033,0.08897125858090238,889
Product_221,Clothing,467.61080308742584,0.016032783666890205,219
Product_222,Clothing,492.1919693342404,0.2887025185702132,33
Product_223,Clothing,267.817338707502,0.07335499935697898,10
Product_224,Beauty,403.1098982705879,0.14830805834636213,852
Product_225,Home Decor,324.0172225660257,0.22992642444157874,553
Product_226,Electronics,138.22028378300337,0.20468736214048655,349
Product_227,Electronics,220.5810304389934,0.4684928069081138,311
Product_228,Sports,449.2558620218837,0.08976823283677876,21
Product_229,Sports,104.11557904007074,0.23003828387653996,879
Product_230,Sports,72.11460979244589,0.3897963106387542,185
Product_231,Clothing,91.18008972955307,0.3134513873302834,518
Product_232,Home Decor,70.19744079644022,0.4283821279904779,704
Product_233,Beauty,94.5542142107658,0.46053826886977156,489
Product_234,Electronics,244.3570686493295,0.0723820699773034,548
Product_235,Sports,461.19251651334247,0.0481109587067432,276
Product_236,Beauty,265.75688918101866,0.2128576424195402,11
Product_237,Sports,48.877209538626786,0.04076664675279423,190
Product_238,Beauty,423.296962003987,0.27510789491388443,681
Product_239,Sports,41.933567766296136,0.10631067660663379,990
Product_240,Electronics,369.5966429343104,0.32754143639193534,400
Product_241,Home Decor,294.8783721491131,0.3408868470020225,592
Product_242,Beauty,375.94799578255595,0.21242275287835777,754
Product_243,Home Decor,137.66534574253348,0.1968257629687335,993
Product_244,Sports,159.35401429372084,0.2969268019409604,36
Product_245,Beauty,402.50014602477376,0.49838029083036806,432
Product_246,Electronics,379.3803243866329,0.32606026047969416,921
Product_247,Sports,137.61042179091578,0.3845379509127845,954
Product_248,Home Decor,119.76553698726481,0.3638939174388815,992
Product_249,Sports,341.35215532045214,0.33385885331980586,499
Product_250,Electronics,395.0662673029934,0.051915931005078964,721
Product_251,Clothing,81.20264478892284,0.48398454442074457,571
Product_252,Sports,133.9660908147886,0.08612902508404452,757
Product_253,Home Decor,220.07474628336334,0.39170117484895994,833
Product_254,Clothing,153.99744787799904,0.2725403326870337,875
Product_255,Sports,269.6397966917386,0.0850997920807614,880
Product_256,Home Decor,149.13818403741436,0.32719198537124405,79
Product_257,Clothing,320.1284943912879,0.08477106505035664,628
Product_258,Electronics,140.84710604976652,0.31896321091532903,881
Product_259,Sports,414.74304729366236,0.06859774797431406,144
Product_260,Electronics,462.4922875921453,0.0426225544799555,994
Product_261,Clothing,396.118914579725,0.3025948340892829,211
Product_262,Sports,473.9024832921628,0.4779578087913163,590
Product_263,Clothing,414.1915184871681,0.1504095683027823,106
Product_264,Electronics,481.6972847480587,0.08236904150038094,376
Product_265,Electronics,274.09101997215583,0.37816087767242107,421
Product_266,Sports,118.80256163965784,0.4318953414802096,401
Product_267,Electronics,200.67369701669213,0.3916924200563603,974
Product_268,Sports,172.23576323225365,0.1480015855100662,826
Product_269,Home Decor,23.857620743017055,0.30622756032456433,190
Product_270,Clothing,86.3416564021186,0.4783478177215069,428
Product_271,Sports,103.88754335253599,0.3158397012087373,975
Product_272,Electronics,355.00478151938364,0.07109650185443933,673
Product_273,Sports,302.894280565176,0.33105532484030425,835
Product_274,Clothing,94.65266085140817,0.3233233829701019,541
Product_275,Sports,356.5121103250282,0.24337499613029867,889
Product_276,Beauty,108.69429904756234,0.058521333924540786,573
Product_277,Beauty,429.223346935252,0.45160664750467566,413
Product_278,Clothing,282.6442616232385,0.3669539221874273,110
Product_279,Home Decor,461.7618824214389,0.17646111899489375,612
Product_280,Home Decor,300.96102363260087,0.1990810400637213,371
Product_281,Beauty,450.58877683404523,0.013484625319208299,354
Product_282,Home Decor,394.492071584241,0.16050320150345015,408
Product_283,Clothing,421.41842116916644,0.10641881485514149,137
Product_284,Electronics,54.56171848525867,0.4610020298388062,678
Product_285,Electronics,418.4329059891214,0.4114400318577386,645
Product_286,Beauty,56.13128963359258,0.22550857680180553,675
Product_287,Home Decor,301.25515230573825,0.10506582516750146,900
Product_288,Home Decor,294.5035944532967,0.4397494426437707,837
Product_289,Electronics,202.35992553125837,0.47501776817177477,460
Product_290,Beauty,86.67379684801382,0.1399229655808562,469
Product_291,Electronics,131.53063903496925,0.004626815509456594,714
Product_292,Beauty,155.47714353845717,0.281136968463023,469
Product_293,Clothing,244.84458791233644,0.1143556502412128,50
Product_294,Sports,373.76455717283557,0.1584289076655656,645
Product_295,Electronics,451.20735789737404,0.46178433594962637,927
Product_296,Sports,409.4780676200184,0.36336096901971904,408
Product_297,Home Decor,488.4143959641176,0.10978404094069338,378
Product_298,Clothing,338.46361295671824,0.4928840621548101,327
Product_299,Sports,425.1362264304133,0.255885754768476,270
Product_300,Home Decor,407.4232508481557,0.3426989436689184,854
Product_301,Electronics,273.056758020766,0.10010354815455919,308
Product_302,Electronics,82.45748149171034,0.2998181523341749,85
Product_303,Home Decor,233.9919528587979,0.3709854176724489,707
Product_304,Sports,183.4276296644225,0.4668602127497926,177
Product_305,Electronics,275.1876723319809,0.02718156428566354,626
Product_306,Home Decor,41.082293335219624,0.05066622967480172,262
Product_307,Beauty,193.20756164153747,0.23282627825451435,829
Product_308,Home Decor,41.40949986250175,0.17088235685422287,962
Product_309,Home Decor,472.77279475000165,0.44620934641395105,929
Product_310,Beauty,260.66244104072354,0.45840235526997186,51
Product_311,Electronics,251.45964250439184,0.24907538000811158,729
Product_312,Sports,266.97883775045517,0.03933308240124572,346
Product_313,Home Decor,479.4804812062606,0.34977602024186866,426
Product_314,Beauty,469.02967484286944,0.17384466184076736,939
Product_315,Sports,439.5203783048745,0.4868861138068947,66
Product_316,Clothing,166.3639939444909,0.39320642272697703,55
Product_317,Sports,414.4659995010727,0.36139888051972335,197
Product_318,Sports,144.5333650784156,0.40507798856325355,853
Product_319,Beauty,275.05350651717487,0.11557022002285916,226
Product_320,Sports,305.6022003263957,0.41675967001560393,194
Product_321,Beauty,455.62229016792,0.3807370369891569,451
Product_322,Home Decor,333.73693115023144,0.07620429002908907,599
Product_323,Beauty,189.71815849380974,0.10110833563976912,442
Product_324,Home Decor,29.88678908192474,0.4437499245134598,738
Product_325,Beauty,162.40731576927382,0.3835997353665338,408
Product_326,Beauty,158.75672243599115,0.3828370581766102,801
Product_327,Home Decor,282.0502922030608,0.09364618558948012,684
Product_328,Beauty,224.4067522551386,0.08115775316816082,621
Product_329,Clothing,401.7460383880975,0.4082333660399707,401
Product_330,Beauty,264.07022061773375,0.2647173571918631,905
Product_331,Sports,115.8378205481785,0.18314691096830515,56
Product_332,Sports,193.6939819990656,0.2994397155012308,670
Product_333,Home Decor,243.30483218296013,0.22840973937969428,305
Product_334,Beauty,213.7364249425607,0.17427148721730612,828
Product_335,Electronics,395.17810869882544,0.20992554332982055,777
Product_336,Home Decor,36.27481962511018,0.003750041849012009,30
Product_337,Beauty,215.0514549049466,0.10364581473661877,682
Product_338,Sports,141.4502037339811,0.44758936184500364,182
Product_339,Clothing,281.3640495664382,0.2539529738873085,598
Product_340,Home Decor,56.91281003994684,0.4235437197370414,150
Product_341,Home Decor,372.4136599309698,0.029865938990176588,495
Product_342,Electronics,130.37414570060173,0.32968506832808714,25
Product_343,Home Decor,472.6338316027645,0.008803292634388005,697
Product_344,Beauty,86.31655458841072,0.13630297013041542,125
Product_345,Electronics,484.98790600351987,0.04443265532233037,326
Product_346,Beauty,474.09276772663856,0.4938578600136335,522
Product_347,Electronics,471.5188419599041,0.29267547387057447,138
Product_348,Clothing,338.6198552923504,0.03178360970739702,505
Product_349,Electronics,161.3404212136742,0.3436576357222534,470
Product_350,Beauty,22.740365553976314,0.056990532150708706,961
Product_351,Beauty,178.07783991485073,0.045394696134418766,308
Product_352,Clothing,434.9888589626488,0.10081336115707162,8
Product_353,Beauty,245.10361705708857,0.3161252179702671,318
Product_354,Electronics,159.60957032776614,0.07335953897438113,315
Product_355,Home Decor,316.7408281622787,0.3061698997363374,135
Product_356,Clothing,247.83846389195625,0.33508581454526937,628
Product_357,Clothing,195.73013939775484,0.370637325694637,103
Product_358,Clothing,327.53721997553447,0.28895654578604046,768
Product_359,Electronics,98.34542165834903,0.29294614392126306,526
Product_360,Home Decor,364.2375201231958,0.001330717426827055,59
Product_361,Electronics,262.5745796291298,0.16851280144380637,93
Product_362,Beauty,44.777981575772124,0.19460184484599585,172
Product_363,Electronics,11.187243822148147,0.379915678071094,665
Product_364,Beauty,458.153405872128,0.06706585220702099,603
Product_365,Clothing,263.706936610099,0.12095490951578342,4
Product_366,Sports,498.88680350713634,0.27116633707327487,451
Product_367,Home Decor,104.047687566354,0.383353167293637,982
Product_368,Beauty,460.9794587402579,0.09183852175565094,448
Product_369,Beauty,152.22608551340332,0.034992445001895967,98
Product_370,Beauty,317.99489753494163,0.2838172236165216,588
Product_371,Sports,425.03651990850096,0.3227309324925306,279
Product_372,Home Decor,460.4280550580284,0.1292370740880307,486
Product_373,Clothing,139.02856802662288,0.4358599412330568,342
Product_374,Electronics,468.4181368302641,0.20187979725724386,325
Product_375,Home Decor,471.14905644702475,0.08495924951540129,877
Product_376,Beauty,270.8259500301362,0.3551001180104322,366
Product_377,Sports,287.7775602097331,0.4116399652098916,158
Product_378,Beauty,67.81625305583427,0.2965916366618723,454
Product_379,Beauty,32.54913011459455,0.18669253924972617,180
Product_380,Sports,162.42584919418695,0.40186692371998256,458
Product_381,Clothing,462.901748543127,0.23791830509635492,765
Product_382,Home Decor,390.7131183276161,0.06631577858326937,911
Product_383,Beauty,387.4851365757161,0.3697238370317182,498
Product_384,Electronics,481.2598761749433,0.43306048866926145,184
Product_385,Electronics,239.79924765424303,0.31457983456448746,60
Product_386,Beauty,80.25334407228225,0.012148710308399202,907
Product_387,Electronics,140.77456152396783,0.22452702226336235,737
Product_388,Home Decor,235.95241177974646,0.3064483615433268,961
Product_389,Beauty,454.56086606117304,0.32249673240802723,562
Product_390,Electronics,308.9684103520776,0.3173870428223004,409
Product_391,Clothing,32.508180606545196,0.45307704591470205,848
Product_392,Home Decor,493.755204089286,0.12773779550163694,958
Product_393,Electronics,206.87322866760854,0.17299982208139125,25
Product_394,Sports,80.42478562932557,0.4285810439669652,306
Product_395,Electronics,352.2473480409293,0.02941199472480438,672
Product_396,Sports,264.4773903503384,0.04778846090606509,179
Product_397,Electronics,24.64387924470173,0.24390730855343667,305
Product_398,Clothing,159.57036597858772,0.10872735015813878,286
Product_399,Beauty,440.4937289135784,0.1393637834887596,256
Product_400,Sports,69.22936019403681,0.09865758540040342,620
Product_401,Home Decor,346.6778075970991,0.31565868063340713,155
Product_402,Electronics,403.3457093589286,0.023172621439708163,360
Product_403,Electronics,215.31938379073853,0.07610866719261078,181
Product_404,Clothing,406.5865631178312,0.25856563371503566,814
Product_405,Home Decor,406.42482933025263,0.4019989234477997,693
Product_406,Clothing,245.72892091571026,0.4008064986276629,166
Product_407,Home Decor,304.8207274934731,0.37978887232268177,340
Product_408,Beauty,387.45766183468044,0.16679812807480043,736
Product_409,Home Decor,265.6696083761525,0.13099308099002482,736
Product_410,Electronics,437.3233796874363,0.3795617301829925,589
Product_411,Sports,477.24966255202514,0.0022311509780171823,756
Product_412,Electronics,236.6019017063029,0.1884070765325958,698
Product_413,Clothing,268.8643956595875,0.3930238782178382,222
Product_414,Beauty,115.37773164240943,0.48574131007574695,993
Product_415,Beauty,299.929002257963,0.18659133638254738,92
Product_416,Clothing,361.8647007499026,0.15969742186341923,235
Product_417,Sports,472.8036131899457,0.36267415867962643,170
Product_418,Beauty,92.35355597716946,0.3830057144447148,521
Product_419,Electronics,453.0622338339205,0.2626827602249013,998
Product_420,Clothing,208.3373109193482,0.45418421110305135,394
Product_421,Home Decor,382.66716345355167,0.09448564780986834,30
Product_422,Home Decor,82.45035539881515,0.05284745572464539,91
Product_423,Beauty,261.5478397194442,0.06617260320248891,838
Product_424,Electronics,285.33519153023633,0.10513869721024255,886
Product_425,Beauty,36.797918277705904,0.118839982092738,426
Product_426,Home Decor,303.37814142562524,0.03172425857109912,323
Product_427,Sports,232.9215407409633,0.3043302649243839,605
Product_428,Home Decor,34.20235234414537,0.14054510496742006,949
Product_429,Home Decor,257.29152074008937,0.20594180463934247,953
Product_430,Clothing,84.33178573667672,0.0958023282088874,216
Product_431,Clothing,76.84142067488871,0.10641005769830597,805
Product_432,Clothing,351.8055104812232,0.2884864506385445,389
Product_433,Sports,158.49935886682937,0.4451934953395412,392
Product_434,Electronics,293.2810700784937,0.41213742486371074,297
Product_435,Beauty,240.07900839636068,0.2563713087815633,422
Product_436,Clothing,485.8560889231618,0.4518093584402208,612
Product_437,Electronics,214.07491970765568,0.001135244447232453,802
Product_438,Home Decor,132.53010412295686,0.03601173205492747,715
Product_439,Beauty,259.26150332838245,0.29943436539333296,403
Product_440,Electronics,452.43354004944547,0.3161599953974749,266
Product_441,Electronics,456.99508494290575,0.0814752717832064,95
Product_442,Clothing,295.9364287142636,0.10026639000281606,450
Product_443,Clothing,193.76964150597854,0.23288781063469094,578
Product_444,Clothing,191.74485802056896,0.28993410769310224,107
Product_445,Electronics,197.58492222434015,0.23779078642495227,147
Product_446,Sports,252.4231630227221,0.15064230754815283,344
Product_447,Home Decor,458.53131561906,0.38344870391447455,648
Product_448,Beauty,366.4348616854102,0.24601454168961057,549
Product_449,Home Decor,453.88621284382253,0.3363090126806474,219
Product_450,Sports,323.5127325852994,0.11378140703687145,209
Product_451,Electronics,256.6001629094559,0.2547623286145404,317
Product_452,Beauty,300.7198368988363,0.4718774959947196,41
Product_453,Beauty,11.025029574320875,0.08895718500357008,230
Product_454,Sports,450.7559509910157,0.053021970552602604,263
Product_455,Clothing,42.030377344102895,0.39412461389411874,793
Product_456,Home Decor,456.2408622234949,0.3389021105530094,182
Product_457,Electronics,34.355902224108675,0.038559520099065436,177
Product_458,Beauty,338.5691785203218,0.16039613400496816,834
Product_459,Clothing,187.23864123839826,0.20931440736528334,415
Product_460,Clothing,30.8764142709425,0.2255532184996813,15
Product_461,Sports,329.6050638674432,0.01652384714945937,67
Product_462,Clothing,152.61460121731366,0.37042773683345775,910
Product_463,Beauty,40.00757431725366,0.47644299958728903,471
Product_464,Sports,380.9596637409486,0.15673070486584573,118
Product_465,Clothing,289.5416954483897,0.1472916868008569,904
Product_466,Electronics,369.36794372267013,0.4663974454371623,884
Product_467,Sports,401.80340380674033,0.05612731786065839,737
Product_468,Sports,158.07099617781878,0.26815197403163504,75
Product_469,Clothing,425.53622056903424,0.3110061126484961,330
Product_470,Beauty,112.02881931436102,0.1157218460812775,90
Product_471,Sports,309.7087173650434,0.28724385051937423,260
Product_472,Electronics,46.40233099570948,0.3598195633903802,720
Product_473,Clothing,154.02369558487078,0.41154220410248143,454
Product_474,Home Decor,407.6933236582017,0.18442555656328619,81
Product_475,Sports,206.0966466010796,0.4104965332680965,268
Product_476,Sports,350.92129490828285,0.4278616971637782,234
Product_477,Clothing,86.92732001176975,0.4896688373870974,171
Product_478,Electronics,113.78284741367813,0.39808199968129143,476
Product_479,Sports,186.39489432259984,0.48121676025006166,864
Product_480,Sports,102.38618020754997,0.23913906169333576,407
Product_481,Electronics,402.47769769393904,0.352494725527262,745
Product_482,Sports,274.24624358202124,0.21848892451267243,710
Product_483,Electronics,134.61746998189918,0.22558107921732495,913
Product_484,Sports,225.6648294081585,0.05065681887101292,734
Product_485,Beauty,59.23610560912783,0.2215154620014464,873
Product_486,Electronics,77.5934623176016,0.26656187315064084,80
Product_487,Sports,127.90365974049962,0.47592252843749,109
Product_488,Clothing,197.79900691146992,0.08029685338240639,193
Product_489,Sports,394.5201424192868,0.015683437873592054,47
Product_490,Clothing,388.4472868514577,0.1939867777533717,817
Product_491,Clothing,159.6401685660869,0.2955100687954485,508
Product_492,Beauty,273.94528809829586,0.42551876194863764,106
Product_493,Sports,425.494212286478,0.05944721224599597,221
Product_494,Beauty,347.1656660431408,0.3575512999120375,618
Product_495,Clothing,271.33786187747967,0.41298617092687023,640
Product_496,Clothing,214.0513017573292,0.13231040666006644,457
Product_497,Home Decor,194.82222724560577,0.3562307047972541,161
Product_498,Home Decor,299.6256661423293,0.38640503873225585,827
Product_499,Sports,426.57575096109406,0.4964709254255398,265
Product_500,Home Decor,167.47036757370103,0.36430175721395097,593
Product_501,Beauty,37.08113231025031,0.2216986324588529,73
Product_502,Electronics,246.17114730410705,0.3552022477923494,458
Product_503,Electronics,257.25145311800645,0.22945935483847707,97
Product_504,Electronics,26.92268838843764,0.009736873800062884,719
Product_505,Sports,107.15839443672752,0.47686901383750846,381
Product_506,Electronics,212.41196538793793,0.01546789892108047,509
Product_507,Sports,458.8882831710048,0.13938348666984368,227
Product_508,Electronics,439.5577892688728,0.0007409915072529305,780
Product_509,Beauty,288.04744792295514,0.3406356374154475,599
Product_510,Sports,46.8486630047834,0.4363883526873809,173
Product_511,Clothing,133.27057521680163,0.07915373085727473,300
Product_512,Electronics,175.9919235203572,0.24624639510896335,822
Product_513,Sports,105.49670008310964,0.0025418906890309345,633
Product_514,Home Decor,446.6658091044775,0.17565864736988251,591
Product_515,Sports,292.1736685491521,0.02492752524702624,652
Product_516,Home Decor,294.1216299642788,0.11063887935652167,354
Product_517,Beauty,134.7195035916394,0.11925533832687263,468
Product_518,Sports,116.33328079021645,0.09271052354565756,36
Product_519,Electronics,158.39482192046924,0.10290058593675044,535
Product_520,Electronics,469.2671099251338,0.158297985057898,741
Product_521,Electronics,118.38169343161461,0.4525881116272142,776
Product_522,Home Decor,461.0356247410635,0.242808640647932,672
Product_523,Electronics,340.0976773364122,0.3441671268808724,476
Product_524,Clothing,18.715321608344485,0.4242821196857597,907
Product_525,Beauty,39.717933980566144,0.3287088105847771,444
Product_526,Sports,145.23098862216096,0.49099506437208446,590
Product_527,Home Decor,378.76864379400854,0.3545389661921542,252
Product_528,Electronics,17.897864893077227,0.2771411793086154,699
Product_529,Electronics,490.0206121958382,0.24992496039696477,500
Product_530,Sports,270.3160144022961,0.4638066076622225,261
Product_531,Home Decor,476.921202253327,0.2762904532490927,173
Product_532,Sports,357.60364267140903,0.49901429843253803,436
Product_533,Clothing,485.2673612403326,0.24147191149860486,986
Product_534,Beauty,83.44760741358255,0.11396903191922508,92
Product_535,Home Decor,447.52238661694014,0.25303513230674884,464
Product_536,Clothing,196.94130075865627,0.2979504559320734,869
Product_537,Home Decor,265.17814405386554,0.16025650402395702,884
Product_538,Home Decor,87.59074748210388,0.34983712713591264,873
Product_539,Clothing,345.3898385706969,0.43506558700894066,118
Product_540,Home Decor,145.2959525341827,0.1879582251013997,130
Product_541,Electronics,460.73537176709226,0.022929309087196648,224
Product_542,Electronics,446.93794845866273,0.4070050586003529,751
Product_543,Clothing,111.23149459508502,0.21462519986406753,534
Product_544,Electronics,456.30814327294644,0.2588116649576223,797
Product_545,Home Decor,445.9411519881227,0.042688150500637345,891
Product_546,Home Decor,137.68218784857086,0.40067547013512356,703
Product_547,Electronics,262.93526551287255,0.09109652245096284,175
Product_548,Clothing,497.89977189033056,0.400581418996106,276
Product_549,Sports,417.4169738393721,0.1327861132466081,371
Product_550,Beauty,389.9917736677644,0.0659444512828789,277
Product_551,Electronics,144.0739547759476,0.37018544663576397,801
Product_552,Beauty,149.09679291173285,0.3515636030341299,485
Product_553,Sports,207.60357264430775,0.4092221057310541,495
Product_554,Home Decor,221.2572249782237,0.3249268525643554,59
Product_555,Sports,252.45047653040967,0.049123060369181626,514
Product_556,Electronics,408.7321209137353,0.4878828357448739,524
Product_557,Home Decor,46.90483176455761,0.3131968645327454,417
Product_558,Clothing,436.43307875767994,0.4067988321464269,204
Product_559,Sports,15.886521539615583,0.11534766765194421,369
Product_560,Electronics,10.416097978617003,0.4196396251860711,652
Product_561,Clothing,185.00981164661343,0.29225522608990573,844
Product_562,Home Decor,87.72885919738432,0.3822187284750107,377
Product_563,Sports,378.1241310915712,0.190244712378063,995
Product_564,Electronics,353.5618451820909,0.3643600814090977,63
Product_565,Electronics,361.197074506519,0.08725879900088318,464
Product_566,Clothing,116.1367829205345,0.19525883266746896,277
Product_567,Sports,336.46298869014385,0.18692340396544826,390
Product_568,Clothing,40.626570751680816,0.18546165822659094,918
Product_569,Electronics,82.07938933789451,0.49122176083286767,295
Product_570,Home Decor,130.43101542364093,0.08296708540492609,602
Product_571,Beauty,358.9888435479438,0.4518755323545112,692
Product_572,Electronics,54.67509827985669,0.023310601131804165,13
Product_573,Sports,78.25513560303808,0.14184862321994235,388
Product_574,Beauty,461.9909429582164,0.4525998594960436,449
Product_575,Home Decor,422.3999234650648,0.20837095327569038,221
Product_576,Beauty,94.2242901602439,0.30832094396079385,577
Product_577,Sports,405.9905961189683,0.06087312605216688,892
Product_578,Clothing,374.6226806872026,0.26455293532312724,865
Product_579,Electronics,322.9247486544659,0.34753576864690644,470
Product_580,Electronics,127.87794284381224,0.25544672930569157,259
Product_581,Electronics,166.44726353861952,0.47810003584488187,778
Product_582,Clothing,207.55837494510973,0.21033080661298248,880
Product_583,Home Decor,389.99358143449,0.4432613760852116,583
Product_584,Sports,210.87232327011077,0.4654595495346641,276
Product_585,Home Decor,373.84729434228313,0.15553825832127893,971
Product_586,Beauty,163.5733621670168,0.14278260721224534,653
Product_587,Home Decor,229.04883237410064,0.06631384820371133,689
Product_588,Beauty,79.87208717820964,0.08043690261605818,985
Product_589,Electronics,204.1868570799171,0.39905739636844023,726
Product_590,Electronics,279.13943059508756,0.2608539629485198,736
Product_591,Beauty,431.63824932976524,0.40966503884688876,286
Product_592,Home Decor,483.25141012208894,0.47549098609796003,610
Product_593,Electronics,419.8419321794702,0.3613349081810747,584
Product_594,Clothing,306.7866193372102,0.2991004598026201,696
Product_595,Clothing,83.44695327777634,0.21669159175281777,785
Product_596,Sports,62.07280760693386,0.3628341359429706,633
Product_597,Electronics,269.8148533880068,0.04414128051710586,840
Product_598,Sports,241.59740522816514,0.3808576711019509,377
Product_599,Home Decor,246.20858914269266,0.14109005113179446,727
Product_600,Electronics,419.93668009871374,0.393157659802554,366
Product_601,Clothing,354.5872730359873,0.2395608717948982,32
Product_602,Beauty,174.5042823491279,0.06943584816767734,121
Product_603,Electronics,303.9320539076125,0.10785768326290379,54
Product_604,Electronics,121.88994957521967,0.040755546388921704,151
Product_605,Beauty,119.9606198648541,0.31807812221282994,177
Product_606,Electronics,163.43903642028548,0.017708003215013646,772
Product_607,Electronics,185.30059405779045,0.4097693281018915,355
Product_608,Electronics,278.6582052691706,0.13437538843257085,370
Product_609,Clothing,296.3543408185476,0.31359919347231846,242
Product_610,Clothing,348.50106769721657,0.4288103622619126,608
Product_611,Sports,223.92964305347093,0.345947607614247,49
Product_612,Sports,138.30905956966092,0.1674691297688231,620
Product_613,Sports,340.77751801891316,0.06395426335964088,857
Product_614,Home Decor,245.967824792608,0.14957703679413992,115
Product_615,Clothing,405.5855256128702,0.46314118070790755,717
Product_616,Beauty,235.71140091965108,0.033669372115246066,450
Product_617,Clothing,145.19829510654952,0.31162530606688316,816
Product_618,Sports,475.32782740373796,0.08175189613578804,650
Product_619,Home Decor,392.69163266662775,0.4839716299553645,530
Product_620,Electronics,233.41716490702495,0.46859132567002787,513
Product_621,Home Decor,66.15051501752454,0.19789076770484137,193
Product_622,Beauty,457.99377205524763,0.209983420032543,108
Product_623,Beauty,65.48555206030761,0.4403329092442546,291
Product_624,Sports,305.8359846869414,0.21703684977072302,769
Product_625,Clothing,135.7138179075911,0.19871007483982656,755
Product_626,Electronics,381.53014032592876,0.18945624771746672,279
Product_627,Electronics,401.0016672742204,0.18778834316060622,425
Product_628,Electronics,99.50236107793653,0.2151852072353918,660
Product_629,Sports,10.373590510575578,0.4303132198563319,921
Product_630,Electronics,184.54192557073202,0.1823408598995268,700
Product_631,Electronics,42.085400101630604,0.09099046339501399,683
Product_632,Clothing,406.1794909968569,0.44220508876724046,938
Product_633,Sports,129.76458473123643,0.47341489615106114,103
Product_634,Beauty,227.2217736701119,0.48725251840890654,74
Product_635,Electronics,289.01449972193103,0.3822248409824257,849
Product_636,Sports,307.41029368083673,0.10333172787869177,939
Product_637,Electronics,43.16690592815024,0.05007263888794261,420
Product_638,Beauty,347.74454217353144,0.4612413331805615,524
Product_639,Clothing,41.58888401030171,0.32464326946300026,859
Product_640,Beauty,359.5539940499806,0.3857388638984248,109
Product_641,Sports,497.9129029490246,0.4673459964900858,41
Product_642,Electronics,75.94876800047759,0.13878062132608865,328
Product_643,Clothing,391.9043702991853,0.4132436254689308,917
Product_644,Clothing,451.54982898128253,0.19859374186227347,321
Product_645,Clothing,62.024894850129456,0.388723360478079,30
Product_646,Home Decor,461.2859497963088,0.214377065661907,707
Product_647,Beauty,399.350928637046,0.3929498616342468,6
Product_648,Electronics,473.3209272761302,0.07241117766665434,942
Product_649,Home Decor,72.46760378325024,0.016669973543882,654
Product_650,Home Decor,411.7233456329895,0.27891684861727245,391
Product_651,Electronics,355.7752612362115,0.41726472259254294,836
Product_652,Beauty,440.5567504006093,0.4473141781285219,843
Product_653,Home Decor,42.070077152033896,0.41402356114967287,100
Product_654,Sports,455.4067828096764,0.2770917859316707,456
Product_655,Sports,81.20331804614632,0.2822641027174498,518
Product_656,Electronics,415.4814585239298,0.3575316093811608,964
Product_657,Beauty,340.54175296102557,0.44821128752490874,189
Product_658,Beauty,269.4173688049633,0.09601497556458538,721
Product_659,Sports,22.731873016558655,0.191570729355797,845
Product_660,Home Decor,35.65428034693326,0.141073350225416,197
Product_661,Beauty,124.22475008694249,0.07110549176344805,725
Product_662,Electronics,377.27923699851425,0.08456244865207585,770
Product_663,Clothing,345.5751650106181,0.4183032370286923,977
Product_664,Sports,326.26438685893487,0.07843074123153815,217
Product_665,Sports,68.23037768254879,0.17111928903804957,680
Product_666,Home Decor,14.507008168563718,0.4157310642985806,99
Product_667,Clothing,45.67817678292578,0.3226651165701294,31
Product_668,Home Decor,55.72411493798059,0.25077418568241466,245
Product_669,Beauty,467.38349963226517,0.27026230808319507,640
Product_670,Electronics,477.2408108234929,0.3288681852921536,363
Product_671,Electronics,184.76337827252652,0.04095111077301805,813
Product_672,Home Decor,398.3300849952263,0.24594402392344772,435
Product_673,Clothing,71.69442414251758,0.20370667293709876,643
Product_674,Sports,475.5153958920392,0.09117567224389683,431
Product_675,Beauty,62.85885566603478,0.17037158225589305,534
Product_676,Clothing,248.41074197817284,0.492420605387385,919
Product_677,Clothing,319.60561412400534,0.09294843368543909,93
Product_678,Beauty,323.92943439414137,0.12554045167932398,97
Product_679,Electronics,182.65490280786398,0.13929001982758532,742
Product_680,Electronics,342.0411000471744,0.010047950841376885,941
Product_681,Electronics,84.10987851870641,0.3131354624699495,274
Product_682,Sports,495.02874644999423,0.01404101474549685,942
Product_683,Home Decor,296.7755402929665,0.3138628419678837,356
Product_684,Sports,457.8495949633298,0.0005969883984700552,111
Product_685,Electronics,30.111220997078934,0.4645264632438934,439
Product_686,Beauty,45.42825464749801,0.21281038289867288,259
Product_687,Sports,24.21440237198745,0.45005151405771004,879
Product_688,Electronics,89.6745812061817,0.12090704198981517,314
Product_689,Clothing,453.4419607267584,0.4079379750259849,141
Product_690,Sports,360.2326903476608,0.14349257397950227,561
Product_691,Electronics,196.56201385564657,0.1987666119629758,402
Product_692,Electronics,14.82298599762019,0.08319788057631722,174
Product_693,Home Decor,493.5284636904025,0.3309416418811087,428
Product_694,Home Decor,85.53744047954675,0.10986268555276285,916
Product_695,Clothing,257.53029493714655,0.1689352385486001,399
Product_696,Beauty,484.8325369071003,0.14090092751858674,800
Product_697,Electronics,461.7751382406648,0.28294767134017085,299
Product_698,Clothing,328.5431325099374,0.32602573252502437,982
Product_699,Beauty,482.7533050699827,0.12330491370765662,795
Product_700,Electronics,97.09504301761277,0.16355387052730613,138
Product_701,Home Decor,374.67679460356277,0.21669343991397394,63
Product_702,Sports,62.14120952869747,0.34816507827144066,427
Product_703,Sports,351.42066048307805,0.1662068740813391,193
Product_704,Home Decor,57.294979811892375,0.3793694954120048,814
Product_705,Home Decor,26.50714521875212,0.15034980081807608,738
Product_706,Home Decor,66.083258703008,0.39887432248411053,602
Product_707,Clothing,40.640496069191,0.4368802555487943,383
Product_708,Sports,485.4414746151628,0.1749118600023668,295
Product_709,Beauty,170.58715130613425,0.2513129578068985,483
Product_710,Sports,177.01810547392438,0.2623522710458514,814
Product_711,Home Decor,313.1563717562652,0.36337200873577485,155
Product_712,Clothing,299.85174040403916,0.11565995278991359,668
Product_713,Clothing,431.9354058880981,0.4678321896986717,857
Product_714,Clothing,295.93605668189406,0.2409822395655733,290
Product_715,Sports,214.33975064815036,0.015787450788423252,758
Product_716,Clothing,442.3231510344805,0.2078646775007999,557
Product_717,Sports,50.26325880415823,0.31338286906111074,37
Product_718,Electronics,357.096292328059,0.03043879386332815,56
Product_719,Beauty,397.69687843283964,0.0003147286205513189,139
Product_720,Clothing,430.91692924176095,0.14725455695615397,80
Product_721,Beauty,399.0977901679448,0.4378652451734377,49
Product_722,Sports,160.10781190228354,0.2040374338149869,200
Product_723,Home Decor,156.32527861330595,0.16106245133474506,405
Product_724,Beauty,259.1412535440804,0.17180100709981522,878
Product_725,Clothing,92.45640810539237,0.12864355976646802,682
Product_726,Electronics,119.44825388262262,0.29464758982656253,200
Product_727,Home Decor,73.34286388926344,0.34154163342107713,351
Product_728,Beauty,367.0504845210294,0.35811029831753916,168
Product_729,Beauty,155.46732109790617,0.23435421636398857,391
Product_730,Sports,208.69118718483656,0.022155010991187052,594
Product_731,Sports,451.29572369711576,0.09583011026476324,72
Product_732,Home Decor,76.61702391852808,0.19714369848189922,977
Product_733,Sports,310.94942063797225,0.3950579078223944,515
Product_734,Sports,348.6670991780546,0.1540373021993765,134
Product_735,Home Decor,80.61942589461503,0.29445698358686634,796
Product_736,Sports,93.90510163808833,0.3146089456737677,431
Product_737,Clothing,154.44488076677453,0.3454291112155825,216
Product_738,Clothing,53.38013892481951,0.11225218514253732,815
Product_739,Sports,253.04055080105348,0.2358744332836153,966
Product_740,Sports,408.5114179007332,0.02006146048156121,891
Product_741,Home Decor,353.25772554200455,0.42656516500748637,385
Product_742,Sports,198.93927520452428,0.16825293988758594,699
Product_743,Electronics,190.76792366657304,0.02631947681288277,821
Product_744,Home Decor,475.90276414051567,0.18973229603935426,219
Product_745,Electronics,347.03189390381766,0.08144923037575924,926
Product_746,Home Decor,353.6837954168578,0.26139062925725814,877
Product_747,Beauty,329.7603117588951,0.45416917608608937,684
Product_748,Home Decor,390.6153483673216,0.180348672486639,798
Product_749,Electronics,324.2048802253821,0.49150531145877985,156
Product_750,Electronics,302.01056240005954,0.25535573479314316,954
Product_751,Beauty,285.15261111816295,0.07730309862298984,474
Product_752,Beauty,314.0980350206488,0.2876077480901129,118
Product_753,Clothing,114.4347950612852,0.24850194775040702,838
Product_754,Electronics,154.99757038386153,0.47318231718104387,981
Product_755,Beauty,151.24729843696875,0.09864947643245736,511
Product_756,Beauty,23.608984908032454,0.03849596321864979,255
Product_757,Clothing,319.819400720459,0.1685118417093071,554
Product_758,Clothing,286.85375908890916,0.0364311148101778,26
Product_759,Home Decor,119.76052588038777,0.3788038206331867,638
Product_760,Home Decor,282.8228941717928,0.4957424653911625,631
Product_761,Sports,174.98016247478242,0.2608485689107278,171
Product_762,Sports,286.04541500651135,0.01218906757695054,708
Product_763,Beauty,449.98622040552397,0.3056679228495587,328
Product_764,Sports,35.580151426283166,0.08831559221576057,631
Product_765,Clothing,208.30874948675662,0.4413440935654405,521
Product_766,Home Decor,119.7015409891062,0.20085750201594,269
Product_767,Electronics,199.37337676081455,0.2035344951191112,999
Product_768,Sports,316.6468252580629,0.49978355550927717,538
Product_769,Home Decor,469.70653248356575,0.1203674896233074,701
Product_770,Electronics,320.9708489284848,0.3226800128288535,969
Product_771,Beauty,426.53972330247603,0.327149662997774,926
Product_772,Clothing,145.7942498270965,0.13665747338446033,434
Product_773,Home Decor,85.99973220659709,0.08011568727840773,93
Product_774,Clothing,276.54211323151765,0.1766697170478923,744
Product_775,Electronics,159.76778150138654,0.03357824953407357,791
Product_776,Clothing,221.09559256134227,0.397289068219103,99
Product_777,Home Decor,237.64679472528954,0.44327741837020085,508
Product_778,Clothing,257.4858278558633,0.28545936191136395,824
Product_779,Clothing,195.24436191297303,0.40918896227477475,689
Product_780,Electronics,98.45161339599821,0.23925635413642327,568
Product_781,Home Decor,494.47895449570234,0.00278402950536083,907
Product_782,Electronics,13.204904068350256,0.16934654432220164,897
Product_783,Beauty,382.0472811164745,0.2161182529961903,425
Product_784,Clothing,405.8436653108356,0.3959204142969556,788
Product_785,Electronics,159.2139563261342,0.05206070433716392,960
Product_786,Clothing,273.6834160138748,0.3077027160149782,116
Product_787,Home Decor,162.1090542501541,0.18971217013205688,855
Product_788,Clothing,454.2256800449544,0.25061502558847587,593
Product_789,Home Decor,433.72159400827064,0.016359609240194584,366
Product_790,Beauty,180.71795194004363,0.2782318455876292,452
Product_791,Beauty,314.43625356226437,0.33780081364383446,291
Product_792,Beauty,292.73124818480005,0.08246760770131512,957
Product_793,Beauty,357.72781586605663,0.4889431622100796,548
Product_794,Electronics,84.17334938893414,0.27308445185451463,592
Product_795,Electronics,142.35802508817076,0.38679522184740056,777
Product_796,Beauty,497.98053051994526,0.10336915185205436,884
Product_797,Sports,449.7619874197554,0.4145050833140695,996
Product_798,Sports,491.0780739442258,0.1883818097366865,382
Product_799,Beauty,374.8623787584881,0.36761795136940334,253
Product_800,Clothing,453.49986607316646,0.44674687538605157,123
Product_801,Clothing,231.38569803639146,0.023891285781778404,857
Product_802,Sports,355.51251176690033,0.4133052223907612,304
Product_803,Home Decor,196.16653195050995,0.3910446828445991,286
Product_804,Sports,312.1102931175581,0.09262441545691597,217
Product_805,Clothing,414.7547462782676,0.07370923263062085,571
Product_806,Beauty,303.3712016700609,0.11781530889297886,922
Product_807,Beauty,28.234245222289232,0.0042675226999352445,852
Product_808,Home Decor,290.18404735869154,0.19632266995422187,540
Product_809,Clothing,413.41055254614326,0.19890498070199086,949
Product_810,Home Decor,207.05775517437837,0.06997564270692225,692
Product_811,Sports,192.6933471097316,0.37842586596548744,571
Product_812,Home Decor,481.694052363751,0.12829324929529728,471
Product_813,Home Decor,475.8065424646871,0.4248059197888083,865
Product_814,Sports,429.1481747536232,0.18410679168904248,991
Product_815,Home Decor,213.96712420266752,0.3788542062680047,356
Product_816,Sports,137.68489505041612,0.3483336629855421,703
Product_817,Clothing,83.06850529414601,0.11053650688491323,782
Product_818,Sports,311.63164935806714,0.022209290834712958,71
Product_819,Electronics,356.8375635726646,0.33667265032134064,141
Product_820,Beauty,195.83860384609414,0.2713599173270492,331
Product_821,Home Decor,105.3685687403248,0.4340072016537323,918
Product_822,Sports,412.97515982934965,0.1301546598519121,508
Product_823,Clothing,12.309438009121981,0.02906932886263558,145
Product_824,Electronics,167.70760246958127,0.45338049386573104,338
Product_825,Clothing,381.43728653752714,0.42769117588534966,306
Product_826,Beauty,101.98661659816588,0.381041302023655,392
Product_827,Sports,473.114911960256,0.17801675829792868,669
Product_828,Home Decor,388.18611332607765,0.3041718617250937,669
Product_829,Electronics,257.5265220863758,0.46850789298533047,410
Product_830,Sports,311.83150746368426,0.12196467412289486,874
Product_831,Sports,206.4933475442945,0.1848191550267126,528
Product_832,Beauty,210.34130458790221,0.09732094438255967,655
Product_833,Home Decor,334.87907974955294,0.4067137665922384,896
Product_834,Electronics,293.3808474137462,0.4487279325381175,439
Product_835,Clothing,412.1833768495357,0.06984087250214538,223
Product_836,Beauty,441.37569026258376,0.17126506021236532,371
Product_837,Home Decor,191.51396012581904,0.280115522765038,142
Product_838,Beauty,384.3865435960394,0.2976036351993558,595
Product_839,Home Decor,63.44210048066522,0.18508366821736316,51
Product_840,Beauty,358.04067415179304,0.348010911428953,300
Product_841,Home Decor,31.430891355642633,0.2534690689207175,209
Product_842,Clothing,79.82814650835509,0.07755518155547447,492
Product_843,Sports,350.2249883684616,0.40375210191538297,157
Product_844,Sports,217.94712115809511,0.016914058539871657,2
Product_845,Sports,139.4774700281435,0.18593679255685386,301
Product_846,Electronics,468.79579711240325,0.3156646262387472,917
Product_847,Beauty,167.43039272610193,0.49170102973843055,492
Product_848,Electronics,271.7550114658513,0.004209924086310879,512
Product_849,Home Decor,456.0347659288681,0.39018154974517316,383
Product_850,Sports,306.7086405221732,0.29930930857530264,963
Product_851,Home Decor,120.90437939117264,0.34734966464643424,999
Product_852,Electronics,143.4871187004857,0.35959337932662955,261
Product_853,Sports,108.60053807070287,0.3084777739742717,705
Product_854,Home Decor,435.8276269421324,0.48661053675774035,214
Product_855,Electronics,281.86856948726,0.43075240802266407,999
Product_856,Home Decor,405.40305147899727,0.42977676771929757,205
Product_857,Electronics,457.71443630872864,0.4703533350150873,364
Product_858,Home Decor,264.77302086239564,0.0902320835866095,293
Product_859,Electronics,413.70758291941434,0.10854686897048854,867
Product_860,Beauty,364.0211408251122,0.3133044086876855,284
Product_861,Clothing,13.109447977841949,0.2792552927293759,156
Product_862,Sports,71.18258482218397,0.4286303936795748,473
Product_863,Home Decor,372.22221892916457,0.4703801213747121,461
Product_864,Home Decor,225.77023225729613,0.2012881734362501,953
Product_865,Sports,332.189431726621,0.4957330207328609,134
Product_866,Sports,379.19631036264093,0.43423799230907156,369
Product_867,Clothing,47.483773030815655,0.2061351802238678,891
Product_868,Sports,83.3370355242795,0.37804061720553456,890
Product_869,Beauty,491.65775553409924,0.1337861074607758,874
Product_870,Clothing,415.580881932019,0.4866059201974581,839
Product_871,Clothing,409.7201664136087,0.41644457720727285,473
Product_872,Home Decor,57.098061543589694,0.48240344983275996,793
Product_873,Clothing,278.9730346221941,0.11844795273237113,760
Product_874,Clothing,186.475581185253,0.31133271633391557,173
Product_875,Electronics,181.70779767432347,0.4708051883381159,264
Product_876,Sports,41.308515165339145,0.46861345485494793,121
Product_877,Home Decor,417.0396775079198,0.29148215677700495,634
Product_878,Home Decor,292.09933283605744,0.09060758638841176,63
Product_879,Sports,246.91277664043662,0.3134571171179809,545
Product_880,Electronics,484.38696282914344,0.15629202596435748,408
Product_881,Clothing,145.95627135438218,0.2282640767852277,519
Product_882,Beauty,498.60401260923794,0.1090456601898746,419
Product_883,Beauty,133.32669093766611,0.21911398509580038,702
Product_884,Electronics,75.42785728841167,0.44111641167817234,37
Product_885,Electronics,57.37908873160689,0.3585477884480804,815
Product_886,Clothing,474.51464969079416,0.38003475279343696,606
Product_887,Beauty,176.59566837486886,0.20705816956730072,237
Product_888,Sports,183.08364915705536,0.1498136648256007,925
Product_889,Clothing,42.37359320503827,0.25168211141749314,53
Product_890,Beauty,101.25291967073174,0.0895768712984012,964
Product_891,Electronics,492.37428815823404,0.2730584777341436,983
Product_892,Electronics,253.12835544998052,0.3423358498048335,693
Product_893,Sports,276.98488288936176,0.15325967275475993,248
Product_894,Sports,323.7940789346764,0.48349703207521866,904
Product_895,Home Decor,443.2698409900515,0.4113028175189884,13
Product_896,Clothing,31.044991947034248,0.12114252332490144,629
Product_897,Beauty,439.3227115306108,0.09697858008236326,623
Product_898,Electronics,427.0064595093383,0.30291397869631925,397
Product_899,Clothing,360.85586898959906,0.11583227781987421,824
Product_900,Clothing,180.37404273488485,0.046007478984560424,376
Product_901,Clothing,315.87261888468,0.39569632434837987,157
Product_902,Home Decor,217.2745699898271,0.09010862489787264,55
Product_903,Beauty,92.8664632831307,0.20584713463529736,6
Product_904,Sports,438.35614378345014,0.04993014275861779,484
Product_905,Clothing,232.8033517897021,0.3011777369832166,515
Product_906,Clothing,364.276134132428,0.3739971796643495,250
Product_907,Beauty,292.16057615468935,0.0006112513756094118,304
Product_908,Electronics,339.5229882424126,0.365759813287971,242
Product_909,Home Decor,249.0280238739026,0.17173420944136614,681
Product_910,Beauty,237.4329425227168,0.1978196584600656,6
Product_911,Electronics,475.16592341908415,0.3771683702117414,830
Product_912,Electronics,96.0598791817453,0.05917911232629247,486
Product_913,Clothing,182.30928690371002,0.17333266564098282,842
Product_914,Beauty,56.97485454850765,0.06149158631972923,403
Product_915,Beauty,387.20923203248395,0.2943361882503092,400
Product_916,Sports,316.4142375537857,0.05340102387818213,483
Product_917,Electronics,37.2222955232765,0.3436286928304367,928
Product_918,Beauty,223.62229459541575,0.06706896491646264,279
Product_919,Beauty,96.33817605063008,0.3835088360236891,836
Product_920,Sports,449.49899698421,0.0613323403205554,666
Product_921,Clothing,499.23560098943364,0.028180457087381594,340
Product_922,Electronics,435.99780690730654,0.22237392547001483,635
Product_923,Home Decor,50.75274918411289,0.28981216691718537,446
Product_924,Home Decor,105.9066313858181,0.3976759461341248,95
Product_925,Home Decor,436.1818338939525,0.49291582958566016,563
Product_926,Electronics,87.9886696128912,0.3072897327473139,734
Product_927,Beauty,182.27609907663427,0.12819526047936602,715
Product_928,Home Decor,430.9695517890164,0.26753224650536883,19
Product_929,Sports,35.833908987491014,0.3292408541733821,106
Product_930,Electronics,191.22699034325333,0.40803251429466997,688
Product_931,Sports,212.60798315742517,0.02062768460573855,677
Product_932,Home Decor,166.89218308013864,0.22772083725703984,572
Product_933,Electronics,455.3298367425213,0.33521025893634004,725
Product_934,Beauty,122.99208193966746,0.3961656475693924,291
Product_935,Sports,210.78708581102754,0.2430389194094869,514
Product_936,Home Decor,72.86806301049566,0.08261376974925894,555
Product_937,Beauty,263.0670753591212,0.4238916492517151,53
Product_938,Beauty,263.6766830879732,0.11375874334903757,546
Product_939,Beauty,496.06240394977783,0.1124867835242922,299
Product_940,Clothing,267.92244741310935,0.18429028139445514,426
Product_941,Beauty,304.66319578601957,0.4469427088819376,211
Product_942,Electronics,469.2228341235219,0.3094037950152432,872
Product_943,Beauty,346.1675019780034,0.399951664256178,22
Product_944,Clothing,424.9819267949206,0.1281143335995964,51
Product_945,Sports,486.2831855440491,0.32541688341677694,410
Product_946,Clothing,299.21183399424865,0.08254630520508432,356
Product_947,Sports,299.9184601922827,0.2849988424926817,155
Product_948,Beauty,131.81435611721307,0.4436728144413811,135
Product_949,Electronics,169.80757214150603,0.45574104404200677,462
Product_950,Sports,355.50927193615604,0.0815360072053965,346
Product_951,Sports,160.2808849583832,0.17455829310438942,850
Product_952,Clothing,493.038137237563,0.3313282458058055,144
Product_953,Clothing,419.3655884901981,0.22360032200550445,522
Product_954,Sports,262.29013530783857,0.011775534834423063,729
Product_955,Sports,426.8289690944015,0.31687543269429125,680
Product_956,Home Decor,404.374120612263,0.2799582280137,820
Product_957,Beauty,241.84356044674666,0.2735601663018793,897
Product_958,Clothing,141.69912748654133,0.21355994284493668,411
Product_959,Home Decor,107.46855966655671,0.3210281593548895,453
Product_960,Home Decor,366.34356709116906,0.1545006574776126,904
Product_961,Electronics,239.83795228120732,0.10423843904195257,634
Product_962,Clothing,275.2275147141746,0.11128908071313548,58
Product_963,Electronics,366.70261521437084,0.28061345586889574,335
Product_964,Electronics,353.78417527506633,0.378810701613698,728
Product_965,Home Decor,464.1516292541029,0.001598678565822742,97
Product_966,Clothing,22.41729648692028,0.17359675080966946,335
Product_967,Sports,153.45604797141718,0.028888743545873674,766
Product_968,Home Decor,418.9680025543706,0.4619238734596563,431
Product_969,Clothing,380.8705960014498,0.033142709551854,125
Product_970,Clothing,488.83471229921463,0.11105216958585179,788
Product_971,Electronics,103.69794907170589,0.45725341936266933,299
Product_972,Clothing,209.3101239400008,0.2574556070223821,62
Product_973,Sports,223.10547081597824,0.4597876544648625,666
Product_974,Clothing,12.945559121456274,0.14315814898604162,957
Product_975,Beauty,54.92749918645711,0.15290849961589087,217
Product_976,Beauty,295.59067081928634,0.3912621453845663,965
Product_977,Home Decor,144.41502034114512,0.23178939783597402,792
Product_978,Home Decor,188.47729515570794,0.48472911047405465,213
Product_979,Beauty,294.9577567568484,0.1303213174973819,51
Product_980,Electronics,439.6855083852082,0.03172488717124011,809
Product_981,Clothing,197.90557237536078,0.07907326498720385,70
Product_982,Sports,39.07613177576496,0.35133963568149945,42
Product_983,Beauty,258.64577058173114,0.21243252094115517,747
Product_984,Beauty,103.48260939535493,0.300010914749559,453
Product_985,Electronics,295.7245669688252,0.23733628607180152,161
Product_986,Beauty,379.431916988403,0.2589502018020344,497
Product_987,Home Decor,168.2075476699566,0.11429098332771942,437
Product_988,Clothing,406.76612327656255,0.48761420516154874,265
Product_989,Sports,397.72215225433865,0.0383052494730905,832
Product_990,Clothing,297.3496304921754,0.26358567286560275,362
Product_991,Beauty,372.26418565853226,0.040204706368270504,326
Product_992,Sports,52.98550116507229,0.019640412850364775,497
Product_993,Sports,418.8729323020294,0.023283487235813582,29
Product_994,Beauty,213.4076332967567,0.295796594807149,589
Product_995,Home Decor,490.09745522771357,0.020038993633955615,940
Product_996,Home Decor,36.99440357868782,0.1911342371187023,66
Product_997,Home Decor,88.45088986142827,0.2381707962998521,8
Product_998,Electronics,424.65378711342146,0.20853549342612904,425
Product_999,Home Decor,423.7484173421555,0.36219176554378946,108
